order,index,discussion_path,discussion_url,model_id,is_hidden,length,is_non_english
1,17338,stabilityai@stable-diffusion-2-depth\discussion_6.yaml,https://huggingface.co/stabilityai/stable-diffusion-2-depth/discussions/6,stabilityai/stable-diffusion-2-depth,FALSE,291,FALSE
2,4956,Defpoint@Defmix-v2.0\discussion_2.yaml,https://huggingface.co/Defpoint/Defmix-v2.0/discussions/2,Defpoint/Defmix-v2.0,FALSE,92,FALSE
3,11681,migtissera@Synthia-70B-v1.2b\discussion_2.yaml,https://huggingface.co/migtissera/Synthia-70B-v1.2b/discussions/2,migtissera/Synthia-70B-v1.2b,FALSE,226,FALSE
4,16020,Salesforce@codegen-350M-multi\discussion_4.yaml,https://huggingface.co/Salesforce/codegen-350M-multi/discussions/4,Salesforce/codegen-350M-multi,FALSE,870,FALSE
5,15753,runwayml@stable-diffusion-v1-5\discussion_24.yaml,https://huggingface.co/runwayml/stable-diffusion-v1-5/discussions/24,runwayml/stable-diffusion-v1-5,FALSE,348,FALSE
6,4105,ctheodoris@Geneformer\discussion_101.yaml,https://huggingface.co/ctheodoris/Geneformer/discussions/101,ctheodoris/Geneformer,FALSE,3792,FALSE
7,3440,CompVis@stable-diffusion\discussion_8.yaml,https://huggingface.co/CompVis/stable-diffusion/discussions/8,CompVis/stable-diffusion,FALSE,381,FALSE
8,12124,Mitsua@mitsua-diffusion-one\discussion_3.yaml,https://huggingface.co/Mitsua/mitsua-diffusion-one/discussions/3,Mitsua/mitsua-diffusion-one,FALSE,981,FALSE
9,21830,Undi95@Toppy-M-7B\discussion_1.yaml,https://huggingface.co/Undi95/Toppy-M-7B/discussions/1,Undi95/Toppy-M-7B,FALSE,924,FALSE
10,17359,stabilityai@stable-diffusion-2-inpainting\discussion_9.yaml,https://huggingface.co/stabilityai/stable-diffusion-2-inpainting/discussions/9,stabilityai/stable-diffusion-2-inpainting,FALSE,629,FALSE
11,5005,dennlinger@bert-wiki-paragraphs\discussion_1.yaml,https://huggingface.co/dennlinger/bert-wiki-paragraphs/discussions/1,dennlinger/bert-wiki-paragraphs,FALSE,1804,FALSE
12,1825,bigcode@starcoder\discussion_49.yaml,https://huggingface.co/bigcode/starcoder/discussions/49,bigcode/starcoder,FALSE,4875,FALSE
13,8509,ibombonato@swin-age-classifier\discussion_2.yaml,https://huggingface.co/ibombonato/swin-age-classifier/discussions/2,ibombonato/swin-age-classifier,FALSE,821,FALSE
14,12943,neulab@codebert-python\discussion_2.yaml,https://huggingface.co/neulab/codebert-python/discussions/2,neulab/codebert-python,FALSE,741,FALSE
15,7240,google@flan-t5-large\discussion_16.yaml,https://huggingface.co/google/flan-t5-large/discussions/16,google/flan-t5-large,FALSE,558,FALSE
16,22358,Webaverse@Stable-Dreamfusion\discussion_1.yaml,https://huggingface.co/Webaverse/Stable-Dreamfusion/discussions/1,Webaverse/Stable-Dreamfusion,FALSE,187,FALSE
17,11383,microsoft@git-base\discussion_1.yaml,https://huggingface.co/microsoft/git-base/discussions/1,microsoft/git-base,FALSE,570,FALSE
18,21782,Undi95@Mixtral-4x7B-DPO-RPChat-GGUF\discussion_4.yaml,https://huggingface.co/Undi95/Mixtral-4x7B-DPO-RPChat-GGUF/discussions/4,Undi95/Mixtral-4x7B-DPO-RPChat-GGUF,FALSE,273,FALSE
19,15328,Qwen@Qwen-Audio\discussion_3.yaml,https://huggingface.co/Qwen/Qwen-Audio/discussions/3,Qwen/Qwen-Audio,FALSE,3214,FALSE
20,9173,JCTN@pygmalion-13b-4bit-128g\discussion_1.yaml,https://huggingface.co/JCTN/pygmalion-13b-4bit-128g/discussions/1,JCTN/pygmalion-13b-4bit-128g,FALSE,2304,FALSE
21,4463,darkVOYAGE@dvMJv4\discussion_1.yaml,https://huggingface.co/darkVOYAGE/dvMJv4/discussions/1,darkVOYAGE/dvMJv4,FALSE,2002,FALSE
22,20046,TheBloke@Wizard-Vicuna-30B-Uncensored-GPTQ\discussion_15.yaml,https://huggingface.co/TheBloke/Wizard-Vicuna-30B-Uncensored-GPTQ/discussions/15,TheBloke/Wizard-Vicuna-30B-Uncensored-GPTQ,FALSE,2706,FALSE
23,2425,bucketresearch@politicalBiasBERT\discussion_2.yaml,https://huggingface.co/bucketresearch/politicalBiasBERT/discussions/2,bucketresearch/politicalBiasBERT,FALSE,321,FALSE
24,18455,TheBloke@deepseek-coder-6.7B-base-GGUF\discussion_1.yaml,https://huggingface.co/TheBloke/deepseek-coder-6.7B-base-GGUF/discussions/1,TheBloke/deepseek-coder-6.7B-base-GGUF,FALSE,1154,FALSE
25,18600,TheBloke@FashionGPT-70B-V1.1-GPTQ\discussion_1.yaml,https://huggingface.co/TheBloke/FashionGPT-70B-V1.1-GPTQ/discussions/1,TheBloke/FashionGPT-70B-V1.1-GPTQ,FALSE,246,FALSE
26,19768,TheBloke@StableBeluga2-70B-GPTQ\discussion_12.yaml,https://huggingface.co/TheBloke/StableBeluga2-70B-GPTQ/discussions/12,TheBloke/StableBeluga2-70B-GPTQ,FALSE,247,FALSE
27,21875,unum-cloud@uform\discussion_1.yaml,https://huggingface.co/unum-cloud/uform/discussions/1,unum-cloud/uform,FALSE,2977,FALSE
28,3794,CompVis@stable-diffusion-v1-4\discussion_236.yaml,https://huggingface.co/CompVis/stable-diffusion-v1-4/discussions/236,CompVis/stable-diffusion-v1-4,FALSE,77,FALSE
29,17172,stabilityai@sd-x2-latent-upscaler\discussion_2.yaml,https://huggingface.co/stabilityai/sd-x2-latent-upscaler/discussions/2,stabilityai/sd-x2-latent-upscaler,FALSE,1464,FALSE
30,11607,microsoft@swin-large-patch4-window12-384-in22k\discussion_1.yaml,https://huggingface.co/microsoft/swin-large-patch4-window12-384-in22k/discussions/1,microsoft/swin-large-patch4-window12-384-in22k,FALSE,283,FALSE
31,2078,bigscience@bloom\discussion_80.yaml,https://huggingface.co/bigscience/bloom/discussions/80,bigscience/bloom,FALSE,428,FALSE
32,12267,mmnga@rinna-bilingual-gpt-neox-4b-ggml\discussion_1.yaml,https://huggingface.co/mmnga/rinna-bilingual-gpt-neox-4b-ggml/discussions/1,mmnga/rinna-bilingual-gpt-neox-4b-ggml,FALSE,174,FALSE
33,7083,Gazoche@stable-diffusion-gundam\discussion_1.yaml,https://huggingface.co/Gazoche/stable-diffusion-gundam/discussions/1,Gazoche/stable-diffusion-gundam,FALSE,401,FALSE
34,17348,stabilityai@stable-diffusion-2-inpainting\discussion_24.yaml,https://huggingface.co/stabilityai/stable-diffusion-2-inpainting/discussions/24,stabilityai/stable-diffusion-2-inpainting,FALSE,5623,FALSE
35,9936,laion@CLIP-ViT-B-32-xlm-roberta-base-laion5B-s13B-b90k\discussion_2.yaml,https://huggingface.co/laion/CLIP-ViT-B-32-xlm-roberta-base-laion5B-s13B-b90k/discussions/2,laion/CLIP-ViT-B-32-xlm-roberta-base-laion5B-s13B-b90k,FALSE,3277,FALSE
36,4053,crishhh@animatediff_controlnet\discussion_2.yaml,https://huggingface.co/crishhh/animatediff_controlnet/discussions/2,crishhh/animatediff_controlnet,FALSE,943,FALSE
37,8947,intfloat@e5-large-v2\discussion_13.yaml,https://huggingface.co/intfloat/e5-large-v2/discussions/13,intfloat/e5-large-v2,FALSE,1514,FALSE
38,8386,HuggingFaceM4@idefics-9b-instruct\discussion_7.yaml,https://huggingface.co/HuggingFaceM4/idefics-9b-instruct/discussions/7,HuggingFaceM4/idefics-9b-instruct,FALSE,2422,FALSE
39,12948,neuralmind@bert-base-portuguese-cased\discussion_2.yaml,https://huggingface.co/neuralmind/bert-base-portuguese-cased/discussions/2,neuralmind/bert-base-portuguese-cased,FALSE,1263,FALSE
40,8908,internlm@internlm-chat-20b-4bit\discussion_1.yaml,https://huggingface.co/internlm/internlm-chat-20b-4bit/discussions/1,internlm/internlm-chat-20b-4bit,FALSE,578,FALSE
41,15471,relaxml@Llama-1-30b-hf\discussion_2.yaml,https://huggingface.co/relaxml/Llama-1-30b-hf/discussions/2,relaxml/Llama-1-30b-hf,FALSE,100,FALSE
42,10140,lgaalves@tinyllama-1.1b-chat-v0.3_platypus\discussion_2.yaml,https://huggingface.co/lgaalves/tinyllama-1.1b-chat-v0.3_platypus/discussions/2,lgaalves/tinyllama-1.1b-chat-v0.3_platypus,FALSE,338,FALSE
43,10674,LoneStriker@lzlv_70b_fp16_hf-4.65bpw-h6-exl2-2\discussion_1.yaml,https://huggingface.co/LoneStriker/lzlv_70b_fp16_hf-4.65bpw-h6-exl2-2/discussions/1,LoneStriker/lzlv_70b_fp16_hf-4.65bpw-h6-exl2-2,FALSE,1121,FALSE
44,13876,openai-community@openai-gpt\discussion_2.yaml,https://huggingface.co/openai-community/openai-gpt/discussions/2,openai-community/openai-gpt,FALSE,511,FALSE
45,20457,thibaud@controlnet-sd21-openposev2-diffusers\discussion_1.yaml,https://huggingface.co/thibaud/controlnet-sd21-openposev2-diffusers/discussions/1,thibaud/controlnet-sd21-openposev2-diffusers,FALSE,223,FALSE
46,9097,jakariamd@opp_115_privacy_contact_information\discussion_3.yaml,https://huggingface.co/jakariamd/opp_115_privacy_contact_information/discussions/3,jakariamd/opp_115_privacy_contact_information,FALSE,228,FALSE
47,18774,TheBloke@koala-7B-GPTQ\discussion_5.yaml,https://huggingface.co/TheBloke/koala-7B-GPTQ/discussions/5,TheBloke/koala-7B-GPTQ,FALSE,2481,FALSE
48,16466,segmind@SSD-1B\discussion_18.yaml,https://huggingface.co/segmind/SSD-1B/discussions/18,segmind/SSD-1B,FALSE,13410,FALSE
49,4159,ctheodoris@Geneformer\discussion_207.yaml,https://huggingface.co/ctheodoris/Geneformer/discussions/207,ctheodoris/Geneformer,FALSE,6548,FALSE
50,4383,dalle-mini@vqgan_imagenet_f16_16384\discussion_5.yaml,https://huggingface.co/dalle-mini/vqgan_imagenet_f16_16384/discussions/5,dalle-mini/vqgan_imagenet_f16_16384,FALSE,698,FALSE
51,7137,gfodor@segmind-vega-fp16-onnx\discussion_1.yaml,https://huggingface.co/gfodor/segmind-vega-fp16-onnx/discussions/1,gfodor/segmind-vega-fp16-onnx,FALSE,83,FALSE
52,6527,facebook@tts_transformer-es-css10\discussion_2.yaml,https://huggingface.co/facebook/tts_transformer-es-css10/discussions/2,facebook/tts_transformer-es-css10,FALSE,314,FALSE
53,565,Aladlyco@Bestfamilyandcriminallawyerinegypt\discussion_1.yaml,https://huggingface.co/Aladlyco/Bestfamilyandcriminallawyerinegypt/discussions/1,Aladlyco/Bestfamilyandcriminallawyerinegypt,FALSE,860,FALSE
54,22940,Yntec@Dreamsphere\discussion_2.yaml,https://huggingface.co/Yntec/Dreamsphere/discussions/2,Yntec/Dreamsphere,FALSE,153,FALSE
55,2982,CLARA-MeD@flan-t5-large\discussion_1.yaml,https://huggingface.co/CLARA-MeD/flan-t5-large/discussions/1,CLARA-MeD/flan-t5-large,FALSE,138,TRUE
56,9578,justinpinkney@miniSD\discussion_3.yaml,https://huggingface.co/justinpinkney/miniSD/discussions/3,justinpinkney/miniSD,FALSE,380,FALSE
57,17451,stabilityai@stable-diffusion-xl-base-1.0\discussion_119.yaml,https://huggingface.co/stabilityai/stable-diffusion-xl-base-1.0/discussions/119,stabilityai/stable-diffusion-xl-base-1.0,FALSE,584,FALSE
58,9853,Kooten@Noromaid-7B-0.4-DPO-4bpw-exl2\discussion_1.yaml,https://huggingface.co/Kooten/Noromaid-7B-0.4-DPO-4bpw-exl2/discussions/1,Kooten/Noromaid-7B-0.4-DPO-4bpw-exl2,FALSE,751,FALSE
59,32,01-ai@Yi-34B\discussion_6.yaml,https://huggingface.co/01-ai/Yi-34B/discussions/6,01-ai/Yi-34B,FALSE,643,FALSE
60,2164,bigscience@bloomz\discussion_38.yaml,https://huggingface.co/bigscience/bloomz/discussions/38,bigscience/bloomz,FALSE,610,FALSE
61,7929,hearmeneigh@e621-rising-v3\discussion_1.yaml,https://huggingface.co/hearmeneigh/e621-rising-v3/discussions/1,hearmeneigh/e621-rising-v3,FALSE,208,FALSE
62,16674,SG161222@Realistic_Vision_V5.1_noVAE\discussion_1.yaml,https://huggingface.co/SG161222/Realistic_Vision_V5.1_noVAE/discussions/1,SG161222/Realistic_Vision_V5.1_noVAE,FALSE,5127,FALSE
63,22793,Yanni8@bert-emotions\discussion_1.yaml,https://huggingface.co/Yanni8/bert-emotions/discussions/1,Yanni8/bert-emotions,FALSE,92,FALSE
64,11572,microsoft@phi-2\discussion_93.yaml,https://huggingface.co/microsoft/phi-2/discussions/93,microsoft/phi-2,FALSE,305,FALSE
65,12984,NeverSleep@Noromaid-7b-v0.2\discussion_1.yaml,https://huggingface.co/NeverSleep/Noromaid-7b-v0.2/discussions/1,NeverSleep/Noromaid-7b-v0.2,FALSE,151,FALSE
66,5299,digiplay@polla_mix_2.4D\discussion_2.yaml,https://huggingface.co/digiplay/polla_mix_2.4D/discussions/2,digiplay/polla_mix_2.4D,FALSE,130,FALSE
67,22369,webui@ControlNet-modules-safetensors\discussion_16.yaml,https://huggingface.co/webui/ControlNet-modules-safetensors/discussions/16,webui/ControlNet-modules-safetensors,FALSE,109,FALSE
68,3799,CompVis@stable-diffusion-v1-4\discussion_26.yaml,https://huggingface.co/CompVis/stable-diffusion-v1-4/discussions/26,CompVis/stable-diffusion-v1-4,FALSE,1402,FALSE
69,6827,flashvenom@Airoboros-13B-SuperHOT-8K-4bit-GPTQ\discussion_2.yaml,https://huggingface.co/flashvenom/Airoboros-13B-SuperHOT-8K-4bit-GPTQ/discussions/2,flashvenom/Airoboros-13B-SuperHOT-8K-4bit-GPTQ,FALSE,206,FALSE
70,2168,bigscience@bloomz\discussion_42.yaml,https://huggingface.co/bigscience/bloomz/discussions/42,bigscience/bloomz,FALSE,283,FALSE
71,20957,tiiuae@falcon-40b-instruct\discussion_87.yaml,https://huggingface.co/tiiuae/falcon-40b-instruct/discussions/87,tiiuae/falcon-40b-instruct,FALSE,1036,FALSE
72,7359,google@mobilenet_v1_0.75_192\discussion_3.yaml,https://huggingface.co/google/mobilenet_v1_0.75_192/discussions/3,google/mobilenet_v1_0.75_192,FALSE,34,TRUE
73,14631,Pclanglais@Brahe\discussion_2.yaml,https://huggingface.co/Pclanglais/Brahe/discussions/2,Pclanglais/Brahe,FALSE,887,FALSE
74,19685,TheBloke@SOLAR-10.7B-Instruct-v1.0-GGUF\discussion_3.yaml,https://huggingface.co/TheBloke/SOLAR-10.7B-Instruct-v1.0-GGUF/discussions/3,TheBloke/SOLAR-10.7B-Instruct-v1.0-GGUF,FALSE,2052,FALSE
75,22181,vllab@controlnet-hands\discussion_3.yaml,https://huggingface.co/vllab/controlnet-hands/discussions/3,vllab/controlnet-hands,FALSE,95,FALSE
76,12530,mosaicml@mpt-7b\discussion_67.yaml,https://huggingface.co/mosaicml/mpt-7b/discussions/67,mosaicml/mpt-7b,FALSE,3495,FALSE
77,3117,codellama@CodeLlama-34b-Instruct-hf\discussion_16.yaml,https://huggingface.co/codellama/CodeLlama-34b-Instruct-hf/discussions/16,codellama/CodeLlama-34b-Instruct-hf,FALSE,1383,FALSE
78,14894,PrimeQA@open-nq-colbert-xlmr-large\discussion_1.yaml,https://huggingface.co/PrimeQA/open-nq-colbert-xlmr-large/discussions/1,PrimeQA/open-nq-colbert-xlmr-large,FALSE,35,FALSE
79,2879,Chinese-Vicuna@llama7b_4bit_128g\discussion_3.yaml,https://huggingface.co/Chinese-Vicuna/llama7b_4bit_128g/discussions/3,Chinese-Vicuna/llama7b_4bit_128g,FALSE,104,FALSE
80,11525,microsoft@phi-2\discussion_43.yaml,https://huggingface.co/microsoft/phi-2/discussions/43,microsoft/phi-2,FALSE,713,FALSE
81,1576,BelleGroup@BELLE-7B-2M\discussion_4.yaml,https://huggingface.co/BelleGroup/BELLE-7B-2M/discussions/4,BelleGroup/BELLE-7B-2M,FALSE,129,TRUE
82,14658,PeepDaSlan9@BMO_3.5\discussion_1.yaml,https://huggingface.co/PeepDaSlan9/BMO_3.5/discussions/1,PeepDaSlan9/BMO_3.5,FALSE,71,FALSE
83,6564,facebook@xm_transformer_s2ut_hk-en\discussion_1.yaml,https://huggingface.co/facebook/xm_transformer_s2ut_hk-en/discussions/1,facebook/xm_transformer_s2ut_hk-en,FALSE,7577,FALSE
84,5853,EleutherAI@gpt-neox-20b\discussion_11.yaml,https://huggingface.co/EleutherAI/gpt-neox-20b/discussions/11,EleutherAI/gpt-neox-20b,FALSE,837,FALSE
85,4175,ctheodoris@Geneformer\discussion_223.yaml,https://huggingface.co/ctheodoris/Geneformer/discussions/223,ctheodoris/Geneformer,FALSE,2020,FALSE
86,17726,stanlochten@t5-KGQgen\discussion_1.yaml,https://huggingface.co/stanlochten/t5-KGQgen/discussions/1,stanlochten/t5-KGQgen,FALSE,41,FALSE
87,22634,Xenova@multilingual-e5-small\discussion_1.yaml,https://huggingface.co/Xenova/multilingual-e5-small/discussions/1,Xenova/multilingual-e5-small,FALSE,1430,FALSE
88,22594,Wolwollu@ChilloutMix\discussion_1.yaml,https://huggingface.co/Wolwollu/ChilloutMix/discussions/1,Wolwollu/ChilloutMix,FALSE,146,FALSE
89,17382,stabilityai@stable-diffusion-xl-1.0-tensorrt\discussion_7.yaml,https://huggingface.co/stabilityai/stable-diffusion-xl-1.0-tensorrt/discussions/7,stabilityai/stable-diffusion-xl-1.0-tensorrt,FALSE,6837,FALSE
90,9649,kandinsky-community@kandinsky-2-2-prior\discussion_4.yaml,https://huggingface.co/kandinsky-community/kandinsky-2-2-prior/discussions/4,kandinsky-community/kandinsky-2-2-prior,FALSE,128,FALSE
91,18959,TheBloke@Llama-2-70B-GGML\discussion_1.yaml,https://huggingface.co/TheBloke/Llama-2-70B-GGML/discussions/1,TheBloke/Llama-2-70B-GGML,FALSE,9772,FALSE
92,20086,TheBloke@WizardCoder-15B-1.0-GGML\discussion_8.yaml,https://huggingface.co/TheBloke/WizardCoder-15B-1.0-GGML/discussions/8,TheBloke/WizardCoder-15B-1.0-GGML,FALSE,125,FALSE
93,10023,latent-consistency@lcm-lora-sdxl\discussion_11.yaml,https://huggingface.co/latent-consistency/lcm-lora-sdxl/discussions/11,latent-consistency/lcm-lora-sdxl,FALSE,183,FALSE
94,20801,tiiuae@falcon-180B-chat\discussion_10.yaml,https://huggingface.co/tiiuae/falcon-180B-chat/discussions/10,tiiuae/falcon-180B-chat,FALSE,77,FALSE
95,15540,ridger@SpikeGPT-BookCorpus\discussion_3.yaml,https://huggingface.co/ridger/SpikeGPT-BookCorpus/discussions/3,ridger/SpikeGPT-BookCorpus,FALSE,113,FALSE
96,12957,nev@dalle-mini-pytorch\discussion_1.yaml,https://huggingface.co/nev/dalle-mini-pytorch/discussions/1,nev/dalle-mini-pytorch,FALSE,1518,FALSE
97,20783,tiiuae@falcon-180B\discussion_12.yaml,https://huggingface.co/tiiuae/falcon-180B/discussions/12,tiiuae/falcon-180B,FALSE,608,FALSE
98,20137,TheBloke@WizardLM-1.0-Uncensored-Llama2-13B-GGML\discussion_1.yaml,https://huggingface.co/TheBloke/WizardLM-1.0-Uncensored-Llama2-13B-GGML/discussions/1,TheBloke/WizardLM-1.0-Uncensored-Llama2-13B-GGML,FALSE,353,FALSE
99,11100,MBZUAI@LaMini-GPT-1.5B\discussion_10.yaml,https://huggingface.co/MBZUAI/LaMini-GPT-1.5B/discussions/10,MBZUAI/LaMini-GPT-1.5B,FALSE,106,FALSE
100,608,ali-issa@my_awesome_model\discussion_1.yaml,https://huggingface.co/ali-issa/my_awesome_model/discussions/1,ali-issa/my_awesome_model,FALSE,71,FALSE
101,20448,thibaud@controlnet-sd21\discussion_36.yaml,https://huggingface.co/thibaud/controlnet-sd21/discussions/36,thibaud/controlnet-sd21,FALSE,516,FALSE
102,503,aipicasso@cool-japan-diffusion-for-learning-2-0\discussion_3.yaml,https://huggingface.co/aipicasso/cool-japan-diffusion-for-learning-2-0/discussions/3,aipicasso/cool-japan-diffusion-for-learning-2-0,FALSE,65,TRUE
103,10527,LLukas22@gpt4all-lora-quantized-ggjt\discussion_2.yaml,https://huggingface.co/LLukas22/gpt4all-lora-quantized-ggjt/discussions/2,LLukas22/gpt4all-lora-quantized-ggjt,FALSE,1656,FALSE
104,3692,CompVis@stable-diffusion-v-1-4-original\discussion_95.yaml,https://huggingface.co/CompVis/stable-diffusion-v-1-4-original/discussions/95,CompVis/stable-diffusion-v-1-4-original,FALSE,159,FALSE
105,4685,Davlan@bert-base-multilingual-cased-ner-hrl\discussion_4.yaml,https://huggingface.co/Davlan/bert-base-multilingual-cased-ner-hrl/discussions/4,Davlan/bert-base-multilingual-cased-ner-hrl,FALSE,279,FALSE
106,20743,THUDM@cogvlm-grounding-generalist-hf\discussion_3.yaml,https://huggingface.co/THUDM/cogvlm-grounding-generalist-hf/discussions/3,THUDM/cogvlm-grounding-generalist-hf,FALSE,313,FALSE
107,5248,digiplay@m3u\discussion_6.yaml,https://huggingface.co/digiplay/m3u/discussions/6,digiplay/m3u,FALSE,238,FALSE
108,1740,bhenrym14@airoboros-33b-gpt4-1.4.1-PI-8192-GPTQ\discussion_2.yaml,https://huggingface.co/bhenrym14/airoboros-33b-gpt4-1.4.1-PI-8192-GPTQ/discussions/2,bhenrym14/airoboros-33b-gpt4-1.4.1-PI-8192-GPTQ,FALSE,7411,FALSE
109,4860,deepseek-ai@deepseek-coder-33b-instruct\discussion_4.yaml,https://huggingface.co/deepseek-ai/deepseek-coder-33b-instruct/discussions/4,deepseek-ai/deepseek-coder-33b-instruct,FALSE,314,FALSE
110,9447,jondurbin@airoboros-l2-7b-gpt4-1.4.1\discussion_1.yaml,https://huggingface.co/jondurbin/airoboros-l2-7b-gpt4-1.4.1/discussions/1,jondurbin/airoboros-l2-7b-gpt4-1.4.1,FALSE,478,FALSE
111,14003,openai@whisper-large-v2\discussion_76.yaml,https://huggingface.co/openai/whisper-large-v2/discussions/76,openai/whisper-large-v2,FALSE,97,FALSE
112,19127,TheBloke@Llamix2-MLewd-4x13B-GPTQ\discussion_2.yaml,https://huggingface.co/TheBloke/Llamix2-MLewd-4x13B-GPTQ/discussions/2,TheBloke/Llamix2-MLewd-4x13B-GPTQ,FALSE,93,FALSE
113,8040,HeshamHaroon@llama-2-7b-chat-ar\discussion_1.yaml,https://huggingface.co/HeshamHaroon/llama-2-7b-chat-ar/discussions/1,HeshamHaroon/llama-2-7b-chat-ar,FALSE,505,TRUE
114,9945,laion@CLIP-ViT-H-14-frozen-xlm-roberta-large-laion5B-s13B-b90k\discussion_1.yaml,https://huggingface.co/laion/CLIP-ViT-H-14-frozen-xlm-roberta-large-laion5B-s13B-b90k/discussions/1,laion/CLIP-ViT-H-14-frozen-xlm-roberta-large-laion5B-s13B-b90k,FALSE,596,FALSE
115,17883,syaimu@7th_Layer\discussion_5.yaml,https://huggingface.co/syaimu/7th_Layer/discussions/5,syaimu/7th_Layer,FALSE,72,FALSE
116,16963,solowan311@chatgpt4\discussion_5.yaml,https://huggingface.co/solowan311/chatgpt4/discussions/5,solowan311/chatgpt4,FALSE,6,TRUE
117,270,acrastt@Marx-3B-V2\discussion_2.yaml,https://huggingface.co/acrastt/Marx-3B-V2/discussions/2,acrastt/Marx-3B-V2,FALSE,1599,FALSE
118,2563,cardiffnlp@twitter-roberta-base-sentiment-latest\discussion_5.yaml,https://huggingface.co/cardiffnlp/twitter-roberta-base-sentiment-latest/discussions/5,cardiffnlp/twitter-roberta-base-sentiment-latest,TRUE,9,FALSE
119,3925,coqui@XTTS-v2\discussion_27.yaml,https://huggingface.co/coqui/XTTS-v2/discussions/27,coqui/XTTS-v2,FALSE,467,FALSE
120,6957,FredZhang7@google-safesearch-mini-v2\discussion_1.yaml,https://huggingface.co/FredZhang7/google-safesearch-mini-v2/discussions/1,FredZhang7/google-safesearch-mini-v2,FALSE,1000,FALSE
121,19805,TheBloke@Starcoderplus-Guanaco-GPT4-15B-V1.0-GGML\discussion_2.yaml,https://huggingface.co/TheBloke/Starcoderplus-Guanaco-GPT4-15B-V1.0-GGML/discussions/2,TheBloke/Starcoderplus-Guanaco-GPT4-15B-V1.0-GGML,FALSE,1537,FALSE
122,6665,fblgit@una-cybertron-7b-v2-bf16\discussion_6.yaml,https://huggingface.co/fblgit/una-cybertron-7b-v2-bf16/discussions/6,fblgit/una-cybertron-7b-v2-bf16,FALSE,16,TRUE
123,6450,facebook@rag-token-nq\discussion_2.yaml,https://huggingface.co/facebook/rag-token-nq/discussions/2,facebook/rag-token-nq,FALSE,107,FALSE
124,6237,facebook@galactica-30b\discussion_9.yaml,https://huggingface.co/facebook/galactica-30b/discussions/9,facebook/galactica-30b,FALSE,51,FALSE
125,20165,TheBloke@WizardLM-13B-V1.1-GGML\discussion_1.yaml,https://huggingface.co/TheBloke/WizardLM-13B-V1.1-GGML/discussions/1,TheBloke/WizardLM-13B-V1.1-GGML,FALSE,791,FALSE
126,22301,WarriorMama777@OrangeMixs\discussion_7.yaml,https://huggingface.co/WarriorMama777/OrangeMixs/discussions/7,WarriorMama777/OrangeMixs,FALSE,1023,FALSE
127,4459,darkstorm2150@Protogen_x5.8_Official_Release\discussion_13.yaml,https://huggingface.co/darkstorm2150/Protogen_x5.8_Official_Release/discussions/13,darkstorm2150/Protogen_x5.8_Official_Release,FALSE,3533,FALSE
128,13015,Nexusflow@NexusRaven-V2-13B\discussion_5.yaml,https://huggingface.co/Nexusflow/NexusRaven-V2-13B/discussions/5,Nexusflow/NexusRaven-V2-13B,FALSE,301,FALSE
129,19470,TheBloke@Nous-Hermes-Llama2-GGML\discussion_4.yaml,https://huggingface.co/TheBloke/Nous-Hermes-Llama2-GGML/discussions/4,TheBloke/Nous-Hermes-Llama2-GGML,FALSE,310,FALSE
130,9390,jonatasgrosman@wav2vec2-xls-r-1b-english\discussion_2.yaml,https://huggingface.co/jonatasgrosman/wav2vec2-xls-r-1b-english/discussions/2,jonatasgrosman/wav2vec2-xls-r-1b-english,FALSE,665,FALSE
131,9451,jondurbin@airocoder-34b-2.1\discussion_1.yaml,https://huggingface.co/jondurbin/airocoder-34b-2.1/discussions/1,jondurbin/airocoder-34b-2.1,FALSE,462,FALSE
132,5767,Edresson@wav2vec2-large-xlsr-coraa-portuguese\discussion_1.yaml,https://huggingface.co/Edresson/wav2vec2-large-xlsr-coraa-portuguese/discussions/1,Edresson/wav2vec2-large-xlsr-coraa-portuguese,FALSE,100,FALSE
133,13654,nvidia@segformer-b0-finetuned-ade-512-512\discussion_8.yaml,https://huggingface.co/nvidia/segformer-b0-finetuned-ade-512-512/discussions/8,nvidia/segformer-b0-finetuned-ade-512-512,FALSE,280,FALSE
134,3540,CompVis@stable-diffusion-v-1-4-original\discussion_168.yaml,https://huggingface.co/CompVis/stable-diffusion-v-1-4-original/discussions/168,CompVis/stable-diffusion-v-1-4-original,FALSE,41,FALSE
135,2973,ckpt@midjourney-v4-diffusion\discussion_3.yaml,https://huggingface.co/ckpt/midjourney-v4-diffusion/discussions/3,ckpt/midjourney-v4-diffusion,FALSE,99,FALSE
136,12993,NeverSleep@Noromaid-v0.4-Mixtral-Instruct-8x7b-Zloss\discussion_3.yaml,https://huggingface.co/NeverSleep/Noromaid-v0.4-Mixtral-Instruct-8x7b-Zloss/discussions/3,NeverSleep/Noromaid-v0.4-Mixtral-Instruct-8x7b-Zloss,FALSE,3739,FALSE
137,9634,kalpeshk2011@rankgen-t5-xl-pg19\discussion_2.yaml,https://huggingface.co/kalpeshk2011/rankgen-t5-xl-pg19/discussions/2,kalpeshk2011/rankgen-t5-xl-pg19,FALSE,50,FALSE
138,5098,diffusers@stable-diffusion-xl-1.0-inpainting-0.1\discussion_11.yaml,https://huggingface.co/diffusers/stable-diffusion-xl-1.0-inpainting-0.1/discussions/11,diffusers/stable-diffusion-xl-1.0-inpainting-0.1,FALSE,346,FALSE
139,21085,tiiuae@falcon-7b-instruct\discussion_68.yaml,https://huggingface.co/tiiuae/falcon-7b-instruct/discussions/68,tiiuae/falcon-7b-instruct,FALSE,1796,FALSE
140,9434,jondurbin@airoboros-l2-70b-2.1\discussion_2.yaml,https://huggingface.co/jondurbin/airoboros-l2-70b-2.1/discussions/2,jondurbin/airoboros-l2-70b-2.1,FALSE,1764,FALSE
141,6837,flax-community@t5-recipe-generation\discussion_2.yaml,https://huggingface.co/flax-community/t5-recipe-generation/discussions/2,flax-community/t5-recipe-generation,FALSE,630,FALSE
142,21695,ugriffo@phixtral-2x2_8-GGUF\discussion_1.yaml,https://huggingface.co/ugriffo/phixtral-2x2_8-GGUF/discussions/1,ugriffo/phixtral-2x2_8-GGUF,FALSE,805,FALSE
143,9534,Jude2ky@ChatGTP4\discussion_4.yaml,https://huggingface.co/Jude2ky/ChatGTP4/discussions/4,Jude2ky/ChatGTP4,FALSE,45,TRUE
144,1875,bigcode@starcoderbase\discussion_10.yaml,https://huggingface.co/bigcode/starcoderbase/discussions/10,bigcode/starcoderbase,FALSE,1099,FALSE
145,19925,TheBloke@Vicuna-33B-1-3-SuperHOT-8K-GPTQ\discussion_1.yaml,https://huggingface.co/TheBloke/Vicuna-33B-1-3-SuperHOT-8K-GPTQ/discussions/1,TheBloke/Vicuna-33B-1-3-SuperHOT-8K-GPTQ,FALSE,406,FALSE
146,8836,iniyaanban@realtime-attendance-software\discussion_1.yaml,https://huggingface.co/iniyaanban/realtime-attendance-software/discussions/1,iniyaanban/realtime-attendance-software,FALSE,721,FALSE
147,20184,TheBloke@WizardLM-30B-Uncensored-GGML\discussion_4.yaml,https://huggingface.co/TheBloke/WizardLM-30B-Uncensored-GGML/discussions/4,TheBloke/WizardLM-30B-Uncensored-GGML,FALSE,189,FALSE
148,13042,nferruz@ProtGPT2\discussion_3.yaml,https://huggingface.co/nferruz/ProtGPT2/discussions/3,nferruz/ProtGPT2,FALSE,2210,FALSE
149,16486,segmind@SSD-1B\discussion_38.yaml,https://huggingface.co/segmind/SSD-1B/discussions/38,segmind/SSD-1B,FALSE,169,FALSE
150,17763,strangeman3107@animov-0.1.1\discussion_4.yaml,https://huggingface.co/strangeman3107/animov-0.1.1/discussions/4,strangeman3107/animov-0.1.1,FALSE,168,FALSE
151,10588,lmsys@vicuna-33b-v1.3\discussion_3.yaml,https://huggingface.co/lmsys/vicuna-33b-v1.3/discussions/3,lmsys/vicuna-33b-v1.3,FALSE,255,FALSE
152,14818,PiyarSquare@sd_asim_simpsons\discussion_3.yaml,https://huggingface.co/PiyarSquare/sd_asim_simpsons/discussions/3,PiyarSquare/sd_asim_simpsons,FALSE,165,FALSE
153,9895,ku-nlp@deberta-v2-base-japanese\discussion_1.yaml,https://huggingface.co/ku-nlp/deberta-v2-base-japanese/discussions/1,ku-nlp/deberta-v2-base-japanese,FALSE,373,FALSE
154,5780,Ehab222@Pt\discussion_1.yaml,https://huggingface.co/Ehab222/Pt/discussions/1,Ehab222/Pt,FALSE,41,TRUE
155,16405,sd-dreambooth-library@paolo-bonolis\discussion_1.yaml,https://huggingface.co/sd-dreambooth-library/paolo-bonolis/discussions/1,sd-dreambooth-library/paolo-bonolis,FALSE,68,TRUE
156,18737,TheBloke@guanaco-7B-GGML\discussion_3.yaml,https://huggingface.co/TheBloke/guanaco-7B-GGML/discussions/3,TheBloke/guanaco-7B-GGML,FALSE,3641,FALSE
157,21041,tiiuae@falcon-7b-instruct\discussion_15.yaml,https://huggingface.co/tiiuae/falcon-7b-instruct/discussions/15,tiiuae/falcon-7b-instruct,FALSE,323,FALSE
158,8650,IDEA-CCNL@Ziya-LLaMA-13B-v1\discussion_27.yaml,https://huggingface.co/IDEA-CCNL/Ziya-LLaMA-13B-v1/discussions/27,IDEA-CCNL/Ziya-LLaMA-13B-v1,FALSE,88,TRUE
159,16424,SeaLLMs@SeaLLM-7B-Hybrid\discussion_1.yaml,https://huggingface.co/SeaLLMs/SeaLLM-7B-Hybrid/discussions/1,SeaLLMs/SeaLLM-7B-Hybrid,FALSE,2153,FALSE
160,12069,mistralai@Mixtral-8x7B-Instruct-v0.1\discussion_94.yaml,https://huggingface.co/mistralai/Mixtral-8x7B-Instruct-v0.1/discussions/94,mistralai/Mixtral-8x7B-Instruct-v0.1,FALSE,661,FALSE
161,13547,NovelAI@genji-jp\discussion_2.yaml,https://huggingface.co/NovelAI/genji-jp/discussions/2,NovelAI/genji-jp,FALSE,417,FALSE
162,3214,cognitivecomputations@dolphin-2.2-mistral-7b\discussion_1.yaml,https://huggingface.co/cognitivecomputations/dolphin-2.2-mistral-7b/discussions/1,cognitivecomputations/dolphin-2.2-mistral-7b,FALSE,24742,FALSE
163,12425,morit-00@MORIMORImix\discussion_1.yaml,https://huggingface.co/morit-00/MORIMORImix/discussions/1,morit-00/MORIMORImix,FALSE,63368,TRUE
164,14924,projecte-aina@aguila-7b\discussion_1.yaml,https://huggingface.co/projecte-aina/aguila-7b/discussions/1,projecte-aina/aguila-7b,FALSE,10885,FALSE
165,965,anon8231489123@vicuna-13b-GPTQ-4bit-128g\discussion_51.yaml,https://huggingface.co/anon8231489123/vicuna-13b-GPTQ-4bit-128g/discussions/51,anon8231489123/vicuna-13b-GPTQ-4bit-128g,FALSE,353,FALSE
166,21611,tuner007@pegasus_paraphrase\discussion_12.yaml,https://huggingface.co/tuner007/pegasus_paraphrase/discussions/12,tuner007/pegasus_paraphrase,FALSE,75,FALSE
167,7252,google@flan-t5-xl\discussion_14.yaml,https://huggingface.co/google/flan-t5-xl/discussions/14,google/flan-t5-xl,FALSE,5751,FALSE
168,6728,FightingFalcon@SonmezReyiz\discussion_1.yaml,https://huggingface.co/FightingFalcon/SonmezReyiz/discussions/1,FightingFalcon/SonmezReyiz,FALSE,77,TRUE
169,16650,SG161222@Realistic_Vision_V1.4\discussion_7.yaml,https://huggingface.co/SG161222/Realistic_Vision_V1.4/discussions/7,SG161222/Realistic_Vision_V1.4,FALSE,7768,FALSE
170,18259,TheBloke@airoboros-l2-70B-gpt4-1.4.1-GPTQ\discussion_3.yaml,https://huggingface.co/TheBloke/airoboros-l2-70B-gpt4-1.4.1-GPTQ/discussions/3,TheBloke/airoboros-l2-70B-gpt4-1.4.1-GPTQ,FALSE,96,FALSE
171,19151,TheBloke@LongChat-7B-GGML\discussion_1.yaml,https://huggingface.co/TheBloke/LongChat-7B-GGML/discussions/1,TheBloke/LongChat-7B-GGML,FALSE,828,FALSE
172,4263,ctheodoris@Geneformer\discussion_59.yaml,https://huggingface.co/ctheodoris/Geneformer/discussions/59,ctheodoris/Geneformer,FALSE,1458,FALSE
173,9241,jinaai@jina-embedding-l-en-v1\discussion_3.yaml,https://huggingface.co/jinaai/jina-embedding-l-en-v1/discussions/3,jinaai/jina-embedding-l-en-v1,FALSE,993,FALSE
174,3768,CompVis@stable-diffusion-v1-4\discussion_19.yaml,https://huggingface.co/CompVis/stable-diffusion-v1-4/discussions/19,CompVis/stable-diffusion-v1-4,FALSE,889,FALSE
175,20181,TheBloke@WizardLM-30B-Uncensored-GGML\discussion_1.yaml,https://huggingface.co/TheBloke/WizardLM-30B-Uncensored-GGML/discussions/1,TheBloke/WizardLM-30B-Uncensored-GGML,FALSE,1883,FALSE
176,1512,balacoon@tts\discussion_8.yaml,https://huggingface.co/balacoon/tts/discussions/8,balacoon/tts,FALSE,1825,FALSE
177,142,22h@vintedois-diffusion-v0-1\discussion_13.yaml,https://huggingface.co/22h/vintedois-diffusion-v0-1/discussions/13,22h/vintedois-diffusion-v0-1,FALSE,98,FALSE
178,6113,facebook@bart-large-mnli\discussion_1.yaml,https://huggingface.co/facebook/bart-large-mnli/discussions/1,facebook/bart-large-mnli,FALSE,2073,FALSE
179,15027,proximasanfinetuning@fantassified_icons_v2\discussion_4.yaml,https://huggingface.co/proximasanfinetuning/fantassified_icons_v2/discussions/4,proximasanfinetuning/fantassified_icons_v2,FALSE,723,FALSE
180,15291,Qwen@Qwen-7B-Chat\discussion_15.yaml,https://huggingface.co/Qwen/Qwen-7B-Chat/discussions/15,Qwen/Qwen-7B-Chat,FALSE,287,TRUE
181,15795,runwayml@stable-diffusion-v1-5\discussion_81.yaml,https://huggingface.co/runwayml/stable-diffusion-v1-5/discussions/81,runwayml/stable-diffusion-v1-5,TRUE,5550,FALSE
182,19934,TheBloke@vicuna-7B-1.1-GPTQ\discussion_5.yaml,https://huggingface.co/TheBloke/vicuna-7B-1.1-GPTQ/discussions/5,TheBloke/vicuna-7B-1.1-GPTQ,FALSE,5385,FALSE
183,19056,TheBloke@Llama-2-7B-Chat-GPTQ\discussion_21.yaml,https://huggingface.co/TheBloke/Llama-2-7B-Chat-GPTQ/discussions/21,TheBloke/Llama-2-7B-Chat-GPTQ,TRUE,12,FALSE
184,10510,llmware@bling-sheared-llama-2.7b-0.1\discussion_1.yaml,https://huggingface.co/llmware/bling-sheared-llama-2.7b-0.1/discussions/1,llmware/bling-sheared-llama-2.7b-0.1,FALSE,1791,FALSE
185,1165,Astris@Furry-AO3-LoRA\discussion_1.yaml,https://huggingface.co/Astris/Furry-AO3-LoRA/discussions/1,Astris/Furry-AO3-LoRA,FALSE,898,FALSE
186,20814,tiiuae@falcon-40b\discussion_103.yaml,https://huggingface.co/tiiuae/falcon-40b/discussions/103,tiiuae/falcon-40b,FALSE,3470,FALSE
187,17375,stabilityai@stable-diffusion-x4-upscaler\discussion_8.yaml,https://huggingface.co/stabilityai/stable-diffusion-x4-upscaler/discussions/8,stabilityai/stable-diffusion-x4-upscaler,FALSE,1604,FALSE
188,5226,digiplay@kencanmix_v1.5\discussion_2.yaml,https://huggingface.co/digiplay/kencanmix_v1.5/discussions/2,digiplay/kencanmix_v1.5,FALSE,112,FALSE
189,515,Airic@Anything-V4.5\discussion_2.yaml,https://huggingface.co/Airic/Anything-V4.5/discussions/2,Airic/Anything-V4.5,FALSE,79,FALSE
190,334,adept@fuyu-8b\discussion_46.yaml,https://huggingface.co/adept/fuyu-8b/discussions/46,adept/fuyu-8b,FALSE,7253,FALSE
191,22088,vihangd@open_llama_7b_700bt_ggml\discussion_2.yaml,https://huggingface.co/vihangd/open_llama_7b_700bt_ggml/discussions/2,vihangd/open_llama_7b_700bt_ggml,FALSE,528,FALSE
192,12529,mosaicml@mpt-7b\discussion_66.yaml,https://huggingface.co/mosaicml/mpt-7b/discussions/66,mosaicml/mpt-7b,FALSE,3274,FALSE
193,3633,CompVis@stable-diffusion-v-1-4-original\discussion_38.yaml,https://huggingface.co/CompVis/stable-diffusion-v-1-4-original/discussions/38,CompVis/stable-diffusion-v-1-4-original,FALSE,675,FALSE
194,14776,Phind@Phind-CodeLlama-34B-v2\discussion_6.yaml,https://huggingface.co/Phind/Phind-CodeLlama-34B-v2/discussions/6,Phind/Phind-CodeLlama-34B-v2,FALSE,388,FALSE
195,944,anon8231489123@vicuna-13b-GPTQ-4bit-128g\discussion_32.yaml,https://huggingface.co/anon8231489123/vicuna-13b-GPTQ-4bit-128g/discussions/32,anon8231489123/vicuna-13b-GPTQ-4bit-128g,FALSE,5758,FALSE
196,4442,darkstorm2150@Protogen_Infinity_Official_Release\discussion_7.yaml,https://huggingface.co/darkstorm2150/Protogen_Infinity_Official_Release/discussions/7,darkstorm2150/Protogen_Infinity_Official_Release,FALSE,5682,FALSE
197,6798,FlagAlpha@Llama2-Chinese-13b-Chat\discussion_5.yaml,https://huggingface.co/FlagAlpha/Llama2-Chinese-13b-Chat/discussions/5,FlagAlpha/Llama2-Chinese-13b-Chat,FALSE,88,FALSE
198,10378,lllyasviel@ControlNet\discussion_34.yaml,https://huggingface.co/lllyasviel/ControlNet/discussions/34,lllyasviel/ControlNet,FALSE,66,FALSE
199,10602,lmsys@vicuna-7b-v1.1\discussion_6.yaml,https://huggingface.co/lmsys/vicuna-7b-v1.1/discussions/6,lmsys/vicuna-7b-v1.1,FALSE,230,FALSE
200,4649,davanstrien@autotrain-encyclopedia_britannica\discussion_1.yaml,https://huggingface.co/davanstrien/autotrain-encyclopedia_britannica/discussions/1,davanstrien/autotrain-encyclopedia_britannica,FALSE,769,FALSE
201,11173,mesolitica@translation-t5-base-standard-bahasa-cased\discussion_1.yaml,https://huggingface.co/mesolitica/translation-t5-base-standard-bahasa-cased/discussions/1,mesolitica/translation-t5-base-standard-bahasa-cased,FALSE,98,FALSE
202,21400,togethercomputer@RedPajama-INCITE-7B-Base\discussion_6.yaml,https://huggingface.co/togethercomputer/RedPajama-INCITE-7B-Base/discussions/6,togethercomputer/RedPajama-INCITE-7B-Base,FALSE,176,FALSE
203,5393,DionTimmer@controlnet_qrcode-control_v1p_sd15\discussion_10.yaml,https://huggingface.co/DionTimmer/controlnet_qrcode-control_v1p_sd15/discussions/10,DionTimmer/controlnet_qrcode-control_v1p_sd15,FALSE,92,TRUE
204,21316,togethercomputer@GPT-JT-6B-v1\discussion_17.yaml,https://huggingface.co/togethercomputer/GPT-JT-6B-v1/discussions/17,togethercomputer/GPT-JT-6B-v1,FALSE,2842,FALSE
205,17842,suxnet@ICBINP\discussion_1.yaml,https://huggingface.co/suxnet/ICBINP/discussions/1,suxnet/ICBINP,FALSE,412,FALSE
206,9723,keras-io@structured-data-classification-grn-vsn\discussion_1.yaml,https://huggingface.co/keras-io/structured-data-classification-grn-vsn/discussions/1,keras-io/structured-data-classification-grn-vsn,FALSE,524,FALSE
207,17543,stabilityai@stable-diffusion-xl-refiner-1.0\discussion_18.yaml,https://huggingface.co/stabilityai/stable-diffusion-xl-refiner-1.0/discussions/18,stabilityai/stable-diffusion-xl-refiner-1.0,FALSE,2894,FALSE
208,15266,Qwen@Qwen-72B-Chat-Int4\discussion_1.yaml,https://huggingface.co/Qwen/Qwen-72B-Chat-Int4/discussions/1,Qwen/Qwen-72B-Chat-Int4,FALSE,226,FALSE
209,22653,xiaol@Mobius-12B-base\discussion_1.yaml,https://huggingface.co/xiaol/Mobius-12B-base/discussions/1,xiaol/Mobius-12B-base,FALSE,304,TRUE
210,19835,TheBloke@Synthia-MoE-v3-Mixtral-8x7B-GPTQ\discussion_2.yaml,https://huggingface.co/TheBloke/Synthia-MoE-v3-Mixtral-8x7B-GPTQ/discussions/2,TheBloke/Synthia-MoE-v3-Mixtral-8x7B-GPTQ,FALSE,692,FALSE
211,11263,michaelfeil@ct2fast-Llama-2-7b-chat-hf\discussion_2.yaml,https://huggingface.co/michaelfeil/ct2fast-Llama-2-7b-chat-hf/discussions/2,michaelfeil/ct2fast-Llama-2-7b-chat-hf,FALSE,1866,FALSE
212,15473,relaxml@Llama-2-13b-E8P-2Bit\discussion_2.yaml,https://huggingface.co/relaxml/Llama-2-13b-E8P-2Bit/discussions/2,relaxml/Llama-2-13b-E8P-2Bit,FALSE,416,FALSE
213,21222,TinyLlama@TinyLlama-1.1B-Chat-v1.0\discussion_9.yaml,https://huggingface.co/TinyLlama/TinyLlama-1.1B-Chat-v1.0/discussions/9,TinyLlama/TinyLlama-1.1B-Chat-v1.0,FALSE,80,FALSE
214,14728,philschmid@layoutlm-funsd\discussion_1.yaml,https://huggingface.co/philschmid/layoutlm-funsd/discussions/1,philschmid/layoutlm-funsd,FALSE,455,FALSE
215,4723,ddh0@Norocetacean-20b-10k\discussion_2.yaml,https://huggingface.co/ddh0/Norocetacean-20b-10k/discussions/2,ddh0/Norocetacean-20b-10k,FALSE,754,FALSE
216,9737,keremberke@yolov8s-table-extraction\discussion_3.yaml,https://huggingface.co/keremberke/yolov8s-table-extraction/discussions/3,keremberke/yolov8s-table-extraction,FALSE,167,FALSE
217,1855,bigcode@starcoder\discussion_79.yaml,https://huggingface.co/bigcode/starcoder/discussions/79,bigcode/starcoder,FALSE,676,FALSE
218,8146,hkunlp@instructor-xl\discussion_8.yaml,https://huggingface.co/hkunlp/instructor-xl/discussions/8,hkunlp/instructor-xl,FALSE,724,FALSE
219,9608,kaiokendev@SuperCOT-LoRA\discussion_1.yaml,https://huggingface.co/kaiokendev/SuperCOT-LoRA/discussions/1,kaiokendev/SuperCOT-LoRA,FALSE,950,FALSE
220,21470,Tonic@mistralmed\discussion_4.yaml,https://huggingface.co/Tonic/mistralmed/discussions/4,Tonic/mistralmed,FALSE,1072,FALSE
221,134,1toTree@chatglm2-6b-law-ptuning\discussion_1.yaml,https://huggingface.co/1toTree/chatglm2-6b-law-ptuning/discussions/1,1toTree/chatglm2-6b-law-ptuning,FALSE,37,TRUE
222,2038,bigscience@bloom\discussion_261.yaml,https://huggingface.co/bigscience/bloom/discussions/261,bigscience/bloom,TRUE,49,FALSE
223,6867,FlyHigh1@Bettergun\discussion_1.yaml,https://huggingface.co/FlyHigh1/Bettergun/discussions/1,FlyHigh1/Bettergun,FALSE,336,FALSE
224,6052,ethzanalytics@RedPajama-INCITE-Chat-3B-v1-GPTQ-4bit-128g\discussion_1.yaml,https://huggingface.co/ethzanalytics/RedPajama-INCITE-Chat-3B-v1-GPTQ-4bit-128g/discussions/1,ethzanalytics/RedPajama-INCITE-Chat-3B-v1-GPTQ-4bit-128g,FALSE,803,FALSE
225,13762,Onodofthenorth@SD_PixelArt_SpriteSheet_Generator\discussion_2.yaml,https://huggingface.co/Onodofthenorth/SD_PixelArt_SpriteSheet_Generator/discussions/2,Onodofthenorth/SD_PixelArt_SpriteSheet_Generator,FALSE,41,FALSE
226,10806,lxyuan@span-marker-bert-base-multilingual-cased-multinerd\discussion_1.yaml,https://huggingface.co/lxyuan/span-marker-bert-base-multilingual-cased-multinerd/discussions/1,lxyuan/span-marker-bert-base-multilingual-cased-multinerd,FALSE,8716,FALSE
227,4031,coyude@Nous-Hermes-13b-Chinese-GPTQ\discussion_1.yaml,https://huggingface.co/coyude/Nous-Hermes-13b-Chinese-GPTQ/discussions/1,coyude/Nous-Hermes-13b-Chinese-GPTQ,FALSE,32,TRUE
228,20804,tiiuae@falcon-180B-chat\discussion_13.yaml,https://huggingface.co/tiiuae/falcon-180B-chat/discussions/13,tiiuae/falcon-180B-chat,FALSE,579,FALSE
229,16699,ShadoWxShinigamI@MidJourney-PaperCut\discussion_7.yaml,https://huggingface.co/ShadoWxShinigamI/MidJourney-PaperCut/discussions/7,ShadoWxShinigamI/MidJourney-PaperCut,FALSE,195,FALSE
230,13582,nuigurumi@basil_mix\discussion_23.yaml,https://huggingface.co/nuigurumi/basil_mix/discussions/23,nuigurumi/basil_mix,FALSE,2208,FALSE
231,19384,TheBloke@MPT-7B-Storywriter-GGML\discussion_5.yaml,https://huggingface.co/TheBloke/MPT-7B-Storywriter-GGML/discussions/5,TheBloke/MPT-7B-Storywriter-GGML,FALSE,360,FALSE
232,11800,mishima@WinterGoddess-1.4x-limarpv3-70B-L2-32k.GGUF\discussion_1.yaml,https://huggingface.co/mishima/WinterGoddess-1.4x-limarpv3-70B-L2-32k.GGUF/discussions/1,mishima/WinterGoddess-1.4x-limarpv3-70B-L2-32k.GGUF,FALSE,90,FALSE
233,4000,coreml-community@coreml-ModernArtStyle-v10\discussion_1.yaml,https://huggingface.co/coreml-community/coreml-ModernArtStyle-v10/discussions/1,coreml-community/coreml-ModernArtStyle-v10,FALSE,249,FALSE
234,9763,KimKardashianCheats@KimKardashianHollywoodunlimited\discussion_1.yaml,https://huggingface.co/KimKardashianCheats/KimKardashianHollywoodunlimited/discussions/1,KimKardashianCheats/KimKardashianHollywoodunlimited,FALSE,21,FALSE
235,17917,t5-base\discussion_14.yaml,https://huggingface.co/t5-base/discussions/14,t5-base,FALSE,388,FALSE
236,1820,bigcode@starcoder\discussion_43.yaml,https://huggingface.co/bigcode/starcoder/discussions/43,bigcode/starcoder,FALSE,458,FALSE
237,16518,sensenova@piccolo-base-zh\discussion_1.yaml,https://huggingface.co/sensenova/piccolo-base-zh/discussions/1,sensenova/piccolo-base-zh,FALSE,389,FALSE
238,15719,runwayml@stable-diffusion-v1-5\discussion_128.yaml,https://huggingface.co/runwayml/stable-diffusion-v1-5/discussions/128,runwayml/stable-diffusion-v1-5,FALSE,690,FALSE
239,12827,Narsil@finbert2\discussion_4.yaml,https://huggingface.co/Narsil/finbert2/discussions/4,Narsil/finbert2,FALSE,6,FALSE
240,3123,codellama@CodeLlama-34b-Instruct-hf\discussion_23.yaml,https://huggingface.co/codellama/CodeLlama-34b-Instruct-hf/discussions/23,codellama/CodeLlama-34b-Instruct-hf,FALSE,1532,FALSE
241,7983,Helsinki-NLP@opus-mt-ROMANCE-en\discussion_3.yaml,https://huggingface.co/Helsinki-NLP/opus-mt-ROMANCE-en/discussions/3,Helsinki-NLP/opus-mt-ROMANCE-en,FALSE,573,FALSE
242,2697,cerspense@zeroscope_v2_XL\discussion_11.yaml,https://huggingface.co/cerspense/zeroscope_v2_XL/discussions/11,cerspense/zeroscope_v2_XL,FALSE,2168,FALSE
243,10429,lllyasviel@ControlNet-v1-1\discussion_80.yaml,https://huggingface.co/lllyasviel/ControlNet-v1-1/discussions/80,lllyasviel/ControlNet-v1-1,FALSE,158,FALSE
244,21995,valhalla@sdxl-inpaint-ema\discussion_1.yaml,https://huggingface.co/valhalla/sdxl-inpaint-ema/discussions/1,valhalla/sdxl-inpaint-ema,FALSE,1518,FALSE
245,3233,cognitivecomputations@dolphin-2.5-mixtral-8x7b\discussion_10.yaml,https://huggingface.co/cognitivecomputations/dolphin-2.5-mixtral-8x7b/discussions/10,cognitivecomputations/dolphin-2.5-mixtral-8x7b,FALSE,319,FALSE
246,12507,mosaicml@mpt-7b\discussion_28.yaml,https://huggingface.co/mosaicml/mpt-7b/discussions/28,mosaicml/mpt-7b,TRUE,33,TRUE
247,18053,TehVenom@Pygmalion-Vicuna-1.1-7b\discussion_5.yaml,https://huggingface.co/TehVenom/Pygmalion-Vicuna-1.1-7b/discussions/5,TehVenom/Pygmalion-Vicuna-1.1-7b,FALSE,563,FALSE
248,1105,artificialguybr@OpenHermesV2-PTBR\discussion_2.yaml,https://huggingface.co/artificialguybr/OpenHermesV2-PTBR/discussions/2,artificialguybr/OpenHermesV2-PTBR,FALSE,87,FALSE
249,1592,benjamin@roberta-base-wechsel-german\discussion_1.yaml,https://huggingface.co/benjamin/roberta-base-wechsel-german/discussions/1,benjamin/roberta-base-wechsel-german,FALSE,2770,FALSE
250,14474,osanseviero@my-awesome-model\discussion_3.yaml,https://huggingface.co/osanseviero/my-awesome-model/discussions/3,osanseviero/my-awesome-model,FALSE,231,FALSE
251,11483,microsoft@phi-1_5\discussion_55.yaml,https://huggingface.co/microsoft/phi-1_5/discussions/55,microsoft/phi-1_5,FALSE,1144,FALSE
252,12885,ndubey@llama-2-7b-mlabonne-enhanced\discussion_2.yaml,https://huggingface.co/ndubey/llama-2-7b-mlabonne-enhanced/discussions/2,ndubey/llama-2-7b-mlabonne-enhanced,FALSE,190,FALSE
253,16458,segmind@SSD-1B\discussion_10.yaml,https://huggingface.co/segmind/SSD-1B/discussions/10,segmind/SSD-1B,FALSE,1129,FALSE
254,20002,TheBloke@Wizard-Vicuna-13B-Uncensored-GPTQ\discussion_10.yaml,https://huggingface.co/TheBloke/Wizard-Vicuna-13B-Uncensored-GPTQ/discussions/10,TheBloke/Wizard-Vicuna-13B-Uncensored-GPTQ,FALSE,3863,FALSE
255,6625,FarReelAILab@ChatLaw-13B\discussion_3.yaml,https://huggingface.co/FarReelAILab/ChatLaw-13B/discussions/3,FarReelAILab/ChatLaw-13B,FALSE,159,TRUE
256,23088,zaq-hack@Noromaid-v0.4-Mixtral-Instruct-8x7b-Zloss-bpw300-h6-exl2\discussion_2.yaml,https://huggingface.co/zaq-hack/Noromaid-v0.4-Mixtral-Instruct-8x7b-Zloss-bpw300-h6-exl2/discussions/2,zaq-hack/Noromaid-v0.4-Mixtral-Instruct-8x7b-Zloss-bpw300-h6-exl2,FALSE,694,FALSE
257,12405,moonlightnexus@wonder-anime\discussion_1.yaml,https://huggingface.co/moonlightnexus/wonder-anime/discussions/1,moonlightnexus/wonder-anime,FALSE,73,FALSE
258,18593,TheBloke@Falcon-7B-Instruct-GPTQ\discussion_19.yaml,https://huggingface.co/TheBloke/Falcon-7B-Instruct-GPTQ/discussions/19,TheBloke/Falcon-7B-Instruct-GPTQ,FALSE,3816,FALSE
259,289,AdamOswald1@test\discussion_3.yaml,https://huggingface.co/AdamOswald1/test/discussions/3,AdamOswald1/test,FALSE,160,FALSE
260,8649,IDEA-CCNL@Ziya-LLaMA-13B-v1\discussion_26.yaml,https://huggingface.co/IDEA-CCNL/Ziya-LLaMA-13B-v1/discussions/26,IDEA-CCNL/Ziya-LLaMA-13B-v1,FALSE,453,FALSE
261,5990,EnToRai@Yugi-Muto-DSOD\discussion_1.yaml,https://huggingface.co/EnToRai/Yugi-Muto-DSOD/discussions/1,EnToRai/Yugi-Muto-DSOD,FALSE,68,FALSE
262,955,anon8231489123@vicuna-13b-GPTQ-4bit-128g\discussion_42.yaml,https://huggingface.co/anon8231489123/vicuna-13b-GPTQ-4bit-128g/discussions/42,anon8231489123/vicuna-13b-GPTQ-4bit-128g,FALSE,2469,FALSE
263,11471,microsoft@phi-1_5\discussion_39.yaml,https://huggingface.co/microsoft/phi-1_5/discussions/39,microsoft/phi-1_5,FALSE,890,FALSE
264,8393,huggingtweets@bestmusiclyric\discussion_1.yaml,https://huggingface.co/huggingtweets/bestmusiclyric/discussions/1,huggingtweets/bestmusiclyric,TRUE,19,FALSE
265,3360,cognitivecomputations@WizardLM-13B-Uncensored\discussion_2.yaml,https://huggingface.co/cognitivecomputations/WizardLM-13B-Uncensored/discussions/2,cognitivecomputations/WizardLM-13B-Uncensored,FALSE,1853,FALSE
266,14498,p1atdev@pvc-v3\discussion_1.yaml,https://huggingface.co/p1atdev/pvc-v3/discussions/1,p1atdev/pvc-v3,FALSE,558,FALSE
267,15036,psyberm@90sAnimeLoRA\discussion_1.yaml,https://huggingface.co/psyberm/90sAnimeLoRA/discussions/1,psyberm/90sAnimeLoRA,FALSE,93,FALSE
268,17736,starmpcc@Asclepius-13B\discussion_1.yaml,https://huggingface.co/starmpcc/Asclepius-13B/discussions/1,starmpcc/Asclepius-13B,FALSE,705,FALSE
269,6024,Ersian@Code\discussion_1.yaml,https://huggingface.co/Ersian/Code/discussions/1,Ersian/Code,FALSE,40,FALSE
270,16687,SG161222@RealVisXL_V3.0\discussion_2.yaml,https://huggingface.co/SG161222/RealVisXL_V3.0/discussions/2,SG161222/RealVisXL_V3.0,FALSE,216,FALSE
271,3143,codellama@CodeLlama-7b-Instruct-hf\discussion_13.yaml,https://huggingface.co/codellama/CodeLlama-7b-Instruct-hf/discussions/13,codellama/CodeLlama-7b-Instruct-hf,FALSE,1600,FALSE
272,17959,taozi555@MythoMax-Kimiko-Mix\discussion_1.yaml,https://huggingface.co/taozi555/MythoMax-Kimiko-Mix/discussions/1,taozi555/MythoMax-Kimiko-Mix,FALSE,131,FALSE
273,1582,BelleGroup@BELLE-LLaMA-EXT-13B\discussion_3.yaml,https://huggingface.co/BelleGroup/BELLE-LLaMA-EXT-13B/discussions/3,BelleGroup/BELLE-LLaMA-EXT-13B,FALSE,40,FALSE
274,17032,speechbrain@asr-whisper-large-v2-commonvoice-sr\discussion_1.yaml,https://huggingface.co/speechbrain/asr-whisper-large-v2-commonvoice-sr/discussions/1,speechbrain/asr-whisper-large-v2-commonvoice-sr,TRUE,25,FALSE
275,12675,mrm8488@bloom-560m-ft-summarization-cnn\discussion_2.yaml,https://huggingface.co/mrm8488/bloom-560m-ft-summarization-cnn/discussions/2,mrm8488/bloom-560m-ft-summarization-cnn,FALSE,53,FALSE
276,13664,nvidia@stt_fr_conformer_transducer_large\discussion_1.yaml,https://huggingface.co/nvidia/stt_fr_conformer_transducer_large/discussions/1,nvidia/stt_fr_conformer_transducer_large,FALSE,1084,FALSE
277,17388,stabilityai@stable-diffusion-xl-base-0.9\discussion_12.yaml,https://huggingface.co/stabilityai/stable-diffusion-xl-base-0.9/discussions/12,stabilityai/stable-diffusion-xl-base-0.9,FALSE,951,FALSE
278,13694,OedoSoldier@Bert-VITS2-2.2-CLAP\discussion_1.yaml,https://huggingface.co/OedoSoldier/Bert-VITS2-2.2-CLAP/discussions/1,OedoSoldier/Bert-VITS2-2.2-CLAP,FALSE,1113,FALSE
279,14610,patrickvonplaten@t5-tiny-random\discussion_3.yaml,https://huggingface.co/patrickvonplaten/t5-tiny-random/discussions/3,patrickvonplaten/t5-tiny-random,FALSE,7547,FALSE
280,9999,Langboat@mengzi-gpt-neo-base\discussion_2.yaml,https://huggingface.co/Langboat/mengzi-gpt-neo-base/discussions/2,Langboat/mengzi-gpt-neo-base,FALSE,119,FALSE
281,21519,Trelis@Llama-2-7b-chat-hf-function-calling-v2\discussion_2.yaml,https://huggingface.co/Trelis/Llama-2-7b-chat-hf-function-calling-v2/discussions/2,Trelis/Llama-2-7b-chat-hf-function-calling-v2,FALSE,836,FALSE
282,20092,TheBloke@WizardCoder-15B-1.0-GPTQ\discussion_14.yaml,https://huggingface.co/TheBloke/WizardCoder-15B-1.0-GPTQ/discussions/14,TheBloke/WizardCoder-15B-1.0-GPTQ,FALSE,106,FALSE
283,1708,bertin-project@bertin-alpaca-lora-7b\discussion_1.yaml,https://huggingface.co/bertin-project/bertin-alpaca-lora-7b/discussions/1,bertin-project/bertin-alpaca-lora-7b,FALSE,3315,FALSE
284,21678,udkai@Turdus\discussion_4.yaml,https://huggingface.co/udkai/Turdus/discussions/4,udkai/Turdus,FALSE,2220,FALSE
285,15991,Salesforce@blip2-opt-2.7b\discussion_17.yaml,https://huggingface.co/Salesforce/blip2-opt-2.7b/discussions/17,Salesforce/blip2-opt-2.7b,FALSE,1598,FALSE
286,19656,TheBloke@Rogue-Rose-103b-v0.2-GGUF\discussion_1.yaml,https://huggingface.co/TheBloke/Rogue-Rose-103b-v0.2-GGUF/discussions/1,TheBloke/Rogue-Rose-103b-v0.2-GGUF,FALSE,191,FALSE
287,1792,bigcode@starcoder\discussion_102.yaml,https://huggingface.co/bigcode/starcoder/discussions/102,bigcode/starcoder,FALSE,97,FALSE
288,21114,tiiuae@falcon-rw-1b\discussion_8.yaml,https://huggingface.co/tiiuae/falcon-rw-1b/discussions/8,tiiuae/falcon-rw-1b,FALSE,338,FALSE
289,15242,Qwen@Qwen-14B-Chat\discussion_9.yaml,https://huggingface.co/Qwen/Qwen-14B-Chat/discussions/9,Qwen/Qwen-14B-Chat,FALSE,60,TRUE
290,383,afrideva@MiniChat-3B-GGUF\discussion_2.yaml,https://huggingface.co/afrideva/MiniChat-3B-GGUF/discussions/2,afrideva/MiniChat-3B-GGUF,FALSE,64,FALSE
291,16157,sanchit-gandhi@whisper-medium-fleurs-lang-id\discussion_4.yaml,https://huggingface.co/sanchit-gandhi/whisper-medium-fleurs-lang-id/discussions/4,sanchit-gandhi/whisper-medium-fleurs-lang-id,FALSE,8197,FALSE
292,20531,THUDM@chatglm-6b\discussion_57.yaml,https://huggingface.co/THUDM/chatglm-6b/discussions/57,THUDM/chatglm-6b,FALSE,24,FALSE
293,19021,TheBloke@Llama-2-7B-Chat-GGML\discussion_37.yaml,https://huggingface.co/TheBloke/Llama-2-7B-Chat-GGML/discussions/37,TheBloke/Llama-2-7B-Chat-GGML,FALSE,1622,FALSE
294,19064,TheBloke@Llama-2-7B-Chat-GPTQ\discussion_29.yaml,https://huggingface.co/TheBloke/Llama-2-7B-Chat-GPTQ/discussions/29,TheBloke/Llama-2-7B-Chat-GPTQ,FALSE,211,FALSE
295,14057,openai@whisper-large-v3\discussion_60.yaml,https://huggingface.co/openai/whisper-large-v3/discussions/60,openai/whisper-large-v3,FALSE,3216,FALSE
296,4635,databricks@dolly-v2-7b\discussion_5.yaml,https://huggingface.co/databricks/dolly-v2-7b/discussions/5,databricks/dolly-v2-7b,FALSE,681,FALSE
297,7510,gpt2\discussion_75.yaml,https://huggingface.co/gpt2/discussions/75,gpt2,FALSE,648,FALSE
298,12938,NEUDM@PICA-V1\discussion_1.yaml,https://huggingface.co/NEUDM/PICA-V1/discussions/1,NEUDM/PICA-V1,FALSE,300,FALSE
299,17986,tatsu-lab@alpaca-farm-ppo-sim-wdiff\discussion_1.yaml,https://huggingface.co/tatsu-lab/alpaca-farm-ppo-sim-wdiff/discussions/1,tatsu-lab/alpaca-farm-ppo-sim-wdiff,FALSE,519,FALSE
300,14130,OpenAssistant@oasst-rlhf-2-llama-30b-7k-steps-xor\discussion_2.yaml,https://huggingface.co/OpenAssistant/oasst-rlhf-2-llama-30b-7k-steps-xor/discussions/2,OpenAssistant/oasst-rlhf-2-llama-30b-7k-steps-xor,FALSE,1367,FALSE
301,1753,bibekbehera@autotrain-numeric_prediction-40376105019\discussion_1.yaml,https://huggingface.co/bibekbehera/autotrain-numeric_prediction-40376105019/discussions/1,bibekbehera/autotrain-numeric_prediction-40376105019,FALSE,184,FALSE
302,7262,google@flan-t5-xl\discussion_25.yaml,https://huggingface.co/google/flan-t5-xl/discussions/25,google/flan-t5-xl,FALSE,1597,FALSE
303,1707,BertChristiaens@controlnet-seg-room\discussion_5.yaml,https://huggingface.co/BertChristiaens/controlnet-seg-room/discussions/5,BertChristiaens/controlnet-seg-room,FALSE,120,FALSE
304,12785,Nacholmo@controlnet-qr-pattern-sdxl\discussion_1.yaml,https://huggingface.co/Nacholmo/controlnet-qr-pattern-sdxl/discussions/1,Nacholmo/controlnet-qr-pattern-sdxl,FALSE,357,FALSE
305,20174,TheBloke@WizardLM-13B-V1.2-GPTQ\discussion_1.yaml,https://huggingface.co/TheBloke/WizardLM-13B-V1.2-GPTQ/discussions/1,TheBloke/WizardLM-13B-V1.2-GPTQ,FALSE,14769,FALSE
306,15177,qanastek@whisper-base-french-cased\discussion_1.yaml,https://huggingface.co/qanastek/whisper-base-french-cased/discussions/1,qanastek/whisper-base-french-cased,TRUE,44,FALSE
307,22311,WarriorMama777@OrangeMixs\discussion_81.yaml,https://huggingface.co/WarriorMama777/OrangeMixs/discussions/81,WarriorMama777/OrangeMixs,FALSE,1715,FALSE
308,14266,openbmb@UltraLM-13b\discussion_1.yaml,https://huggingface.co/openbmb/UltraLM-13b/discussions/1,openbmb/UltraLM-13b,FALSE,2916,FALSE
309,1862,bigcode@starcoder\discussion_87.yaml,https://huggingface.co/bigcode/starcoder/discussions/87,bigcode/starcoder,FALSE,818,FALSE
310,15500,replit@replit-code-v1-3b\discussion_6.yaml,https://huggingface.co/replit/replit-code-v1-3b/discussions/6,replit/replit-code-v1-3b,FALSE,1800,FALSE
311,12773,mys@ggml_llava-v1.5-7b\discussion_1.yaml,https://huggingface.co/mys/ggml_llava-v1.5-7b/discussions/1,mys/ggml_llava-v1.5-7b,FALSE,87,FALSE
312,8204,huawei-noah@DynaBERT_MNLI\discussion_1.yaml,https://huggingface.co/huawei-noah/DynaBERT_MNLI/discussions/1,huawei-noah/DynaBERT_MNLI,FALSE,634,FALSE
313,11943,mistralai@Mistral-7B-v0.1\discussion_4.yaml,https://huggingface.co/mistralai/Mistral-7B-v0.1/discussions/4,mistralai/Mistral-7B-v0.1,FALSE,941,FALSE
314,15521,rhysjones@HelixNet-LMoE-Actor\discussion_1.yaml,https://huggingface.co/rhysjones/HelixNet-LMoE-Actor/discussions/1,rhysjones/HelixNet-LMoE-Actor,FALSE,797,FALSE
315,21825,Undi95@ReMM-L2-13B-v1\discussion_1.yaml,https://huggingface.co/Undi95/ReMM-L2-13B-v1/discussions/1,Undi95/ReMM-L2-13B-v1,FALSE,325,FALSE
316,16280,sayakpaul@sd-model-finetuned-lora-t4\discussion_1.yaml,https://huggingface.co/sayakpaul/sd-model-finetuned-lora-t4/discussions/1,sayakpaul/sd-model-finetuned-lora-t4,FALSE,334,FALSE
317,18293,TheBloke@Amethyst-13B-Mistral-GGUF\discussion_1.yaml,https://huggingface.co/TheBloke/Amethyst-13B-Mistral-GGUF/discussions/1,TheBloke/Amethyst-13B-Mistral-GGUF,FALSE,660,FALSE
318,15142,PygmalionAI@pygmalion-6b\discussion_40.yaml,https://huggingface.co/PygmalionAI/pygmalion-6b/discussions/40,PygmalionAI/pygmalion-6b,FALSE,1670,FALSE
319,4416,dandelin@vilt-b32-finetuned-nlvr2\discussion_1.yaml,https://huggingface.co/dandelin/vilt-b32-finetuned-nlvr2/discussions/1,dandelin/vilt-b32-finetuned-nlvr2,FALSE,223,FALSE
320,17251,stabilityai@stable-diffusion-2\discussion_65.yaml,https://huggingface.co/stabilityai/stable-diffusion-2/discussions/65,stabilityai/stable-diffusion-2,FALSE,237,FALSE
321,673,AlienKevin@canto_ocr\discussion_2.yaml,https://huggingface.co/AlienKevin/canto_ocr/discussions/2,AlienKevin/canto_ocr,FALSE,40,TRUE
322,11753,MingZhong@DialogLED-base-16384\discussion_2.yaml,https://huggingface.co/MingZhong/DialogLED-base-16384/discussions/2,MingZhong/DialogLED-base-16384,FALSE,148,FALSE
323,3195,cognitivecomputations@dolphin-2.1-mistral-7b\discussion_13.yaml,https://huggingface.co/cognitivecomputations/dolphin-2.1-mistral-7b/discussions/13,cognitivecomputations/dolphin-2.1-mistral-7b,FALSE,4063,FALSE
324,216,abacaj@starcoderbase-1b-sft\discussion_4.yaml,https://huggingface.co/abacaj/starcoderbase-1b-sft/discussions/4,abacaj/starcoderbase-1b-sft,FALSE,934,FALSE
325,17480,stabilityai@stable-diffusion-xl-base-1.0\discussion_32.yaml,https://huggingface.co/stabilityai/stable-diffusion-xl-base-1.0/discussions/32,stabilityai/stable-diffusion-xl-base-1.0,FALSE,1050,FALSE
326,13736,oliverguhr@fullstop-punctuation-multilang-large\discussion_3.yaml,https://huggingface.co/oliverguhr/fullstop-punctuation-multilang-large/discussions/3,oliverguhr/fullstop-punctuation-multilang-large,FALSE,708,FALSE
327,2687,cerspense@zeroscope_v2_576w\discussion_3.yaml,https://huggingface.co/cerspense/zeroscope_v2_576w/discussions/3,cerspense/zeroscope_v2_576w,FALSE,411,FALSE
328,14829,plasmo@vox2\discussion_4.yaml,https://huggingface.co/plasmo/vox2/discussions/4,plasmo/vox2,FALSE,7875,FALSE
329,1694,bert-base-uncased\discussion_53.yaml,https://huggingface.co/bert-base-uncased/discussions/53,bert-base-uncased,FALSE,1603,FALSE
330,16043,Salesforce@codet5-base-codexglue-concode\discussion_1.yaml,https://huggingface.co/Salesforce/codet5-base-codexglue-concode/discussions/1,Salesforce/codet5-base-codexglue-concode,FALSE,161,FALSE
331,18133,templates@automatic-speech-recognition\discussion_1.yaml,https://huggingface.co/templates/automatic-speech-recognition/discussions/1,templates/automatic-speech-recognition,FALSE,650,FALSE
332,18057,TehVenom@WizardLM-13B-Uncensored-Q5_1-GGML\discussion_4.yaml,https://huggingface.co/TehVenom/WizardLM-13B-Uncensored-Q5_1-GGML/discussions/4,TehVenom/WizardLM-13B-Uncensored-Q5_1-GGML,FALSE,69,FALSE
333,19734,TheBloke@stable-vicuna-13B-GPTQ\discussion_25.yaml,https://huggingface.co/TheBloke/stable-vicuna-13B-GPTQ/discussions/25,TheBloke/stable-vicuna-13B-GPTQ,TRUE,19,FALSE
334,452,AI-Porn@AI-PORN\discussion_16.yaml,https://huggingface.co/AI-Porn/AI-PORN/discussions/16,AI-Porn/AI-PORN,FALSE,15,FALSE
335,22228,waifu-research-department@long-prompt-weighting-pipeline\discussion_1.yaml,https://huggingface.co/waifu-research-department/long-prompt-weighting-pipeline/discussions/1,waifu-research-department/long-prompt-weighting-pipeline,FALSE,359,FALSE
336,34,01-ai@Yi-34B\discussion_8.yaml,https://huggingface.co/01-ai/Yi-34B/discussions/8,01-ai/Yi-34B,FALSE,2353,FALSE
337,8258,HuggingFaceH4@starchat-alpha\discussion_8.yaml,https://huggingface.co/HuggingFaceH4/starchat-alpha/discussions/8,HuggingFaceH4/starchat-alpha,FALSE,1204,FALSE
338,14399,openlm-research@open_llama_7b\discussion_3.yaml,https://huggingface.co/openlm-research/open_llama_7b/discussions/3,openlm-research/open_llama_7b,FALSE,1547,FALSE
339,11645,microsoft@trocr-small-printed\discussion_3.yaml,https://huggingface.co/microsoft/trocr-small-printed/discussions/3,microsoft/trocr-small-printed,FALSE,1745,FALSE
340,3854,CompVis@stable-diffusion-v1-4\discussion_86.yaml,https://huggingface.co/CompVis/stable-diffusion-v1-4/discussions/86,CompVis/stable-diffusion-v1-4,FALSE,126,FALSE
341,7505,gpt2\discussion_66.yaml,https://huggingface.co/gpt2/discussions/66,gpt2,FALSE,101,FALSE
342,21395,togethercomputer@Pythia-Chat-Base-7B\discussion_1.yaml,https://huggingface.co/togethercomputer/Pythia-Chat-Base-7B/discussions/1,togethercomputer/Pythia-Chat-Base-7B,FALSE,312,FALSE
343,1091,ArthurADJ@DanAvidan\discussion_1.yaml,https://huggingface.co/ArthurADJ/DanAvidan/discussions/1,ArthurADJ/DanAvidan,FALSE,484,FALSE
344,5988,enlyth@baj-tts\discussion_1.yaml,https://huggingface.co/enlyth/baj-tts/discussions/1,enlyth/baj-tts,FALSE,67,FALSE
345,13563,nsfwthrowitaway69@Venus-120b-v1.1\discussion_2.yaml,https://huggingface.co/nsfwthrowitaway69/Venus-120b-v1.1/discussions/2,nsfwthrowitaway69/Venus-120b-v1.1,FALSE,1610,FALSE
346,18437,TheBloke@deepseek-coder-1.3b-instruct-GGUF\discussion_1.yaml,https://huggingface.co/TheBloke/deepseek-coder-1.3b-instruct-GGUF/discussions/1,TheBloke/deepseek-coder-1.3b-instruct-GGUF,FALSE,5609,FALSE
347,9316,joaoalvarenga@bloom-8bit\discussion_3.yaml,https://huggingface.co/joaoalvarenga/bloom-8bit/discussions/3,joaoalvarenga/bloom-8bit,FALSE,444,FALSE
348,7014,GabbyDaBUNBUN@HuggingFace-API-key.txt\discussion_1.yaml,https://huggingface.co/GabbyDaBUNBUN/HuggingFace-API-key.txt/discussions/1,GabbyDaBUNBUN/HuggingFace-API-key.txt,FALSE,7,TRUE
349,13200,nitrosocke@mo-di-diffusion\discussion_10.yaml,https://huggingface.co/nitrosocke/mo-di-diffusion/discussions/10,nitrosocke/mo-di-diffusion,FALSE,1029,FALSE
350,1579,BelleGroup@BELLE-LLaMA-7B-2M-enc\discussion_1.yaml,https://huggingface.co/BelleGroup/BELLE-LLaMA-7B-2M-enc/discussions/1,BelleGroup/BELLE-LLaMA-7B-2M-enc,FALSE,1404,FALSE
351,120,1-800-BAD-CODE@punctuation_fullstop_truecase_english\discussion_4.yaml,https://huggingface.co/1-800-BAD-CODE/punctuation_fullstop_truecase_english/discussions/4,1-800-BAD-CODE/punctuation_fullstop_truecase_english,FALSE,1442,FALSE
352,7489,gpt2\discussion_39.yaml,https://huggingface.co/gpt2/discussions/39,gpt2,FALSE,1104,FALSE
353,20719,THUDM@cogagent-vqa-hf\discussion_1.yaml,https://huggingface.co/THUDM/cogagent-vqa-hf/discussions/1,THUDM/cogagent-vqa-hf,FALSE,131,FALSE
354,370,Aeala@GPT4-x-AlpacaDente-30b\discussion_1.yaml,https://huggingface.co/Aeala/GPT4-x-AlpacaDente-30b/discussions/1,Aeala/GPT4-x-AlpacaDente-30b,FALSE,43,TRUE
355,22633,Xenova@mms-tts-por\discussion_1.yaml,https://huggingface.co/Xenova/mms-tts-por/discussions/1,Xenova/mms-tts-por,FALSE,78,FALSE
356,14834,playboicarti@rvcv2\discussion_1.yaml,https://huggingface.co/playboicarti/rvcv2/discussions/1,playboicarti/rvcv2,FALSE,40,FALSE
357,16050,Salesforce@codet5-small\discussion_4.yaml,https://huggingface.co/Salesforce/codet5-small/discussions/4,Salesforce/codet5-small,FALSE,116,FALSE
358,3375,cognitivecomputations@WizardLM-7B-Uncensored\discussion_15.yaml,https://huggingface.co/cognitivecomputations/WizardLM-7B-Uncensored/discussions/15,cognitivecomputations/WizardLM-7B-Uncensored,FALSE,841,FALSE
359,15369,ramadita@ID-Llama-2-7b-Chat-GPTQ\discussion_1.yaml,https://huggingface.co/ramadita/ID-Llama-2-7b-Chat-GPTQ/discussions/1,ramadita/ID-Llama-2-7b-Chat-GPTQ,FALSE,1155,FALSE
360,7761,h94@IP-Adapter-FaceID\discussion_20.yaml,https://huggingface.co/h94/IP-Adapter-FaceID/discussions/20,h94/IP-Adapter-FaceID,FALSE,511,FALSE
361,1648,berkeley-nest@Starling-LM-7B-alpha\discussion_26.yaml,https://huggingface.co/berkeley-nest/Starling-LM-7B-alpha/discussions/26,berkeley-nest/Starling-LM-7B-alpha,FALSE,409,FALSE
362,3053,cloudyu@Mixtral_7Bx5_MoE_30B\discussion_1.yaml,https://huggingface.co/cloudyu/Mixtral_7Bx5_MoE_30B/discussions/1,cloudyu/Mixtral_7Bx5_MoE_30B,FALSE,30,TRUE
363,3204,cognitivecomputations@dolphin-2.1-mistral-7b\discussion_6.yaml,https://huggingface.co/cognitivecomputations/dolphin-2.1-mistral-7b/discussions/6,cognitivecomputations/dolphin-2.1-mistral-7b,FALSE,1633,FALSE
364,18483,TheBloke@dolphin-2.2.1-mistral-7B-AWQ\discussion_1.yaml,https://huggingface.co/TheBloke/dolphin-2.2.1-mistral-7B-AWQ/discussions/1,TheBloke/dolphin-2.2.1-mistral-7B-AWQ,TRUE,29,FALSE
365,182,7eu7d7@ML-Danbooru\discussion_1.yaml,https://huggingface.co/7eu7d7/ML-Danbooru/discussions/1,7eu7d7/ML-Danbooru,FALSE,451,FALSE
366,6216,facebook@fastspeech2-en-ljspeech\discussion_18.yaml,https://huggingface.co/facebook/fastspeech2-en-ljspeech/discussions/18,facebook/fastspeech2-en-ljspeech,FALSE,442,FALSE
367,652,ali-vilab@text-to-video-ms-1.7b\discussion_32.yaml,https://huggingface.co/ali-vilab/text-to-video-ms-1.7b/discussions/32,ali-vilab/text-to-video-ms-1.7b,TRUE,12,FALSE
368,6275,facebook@maskformer-swin-large-coco\discussion_1.yaml,https://huggingface.co/facebook/maskformer-swin-large-coco/discussions/1,facebook/maskformer-swin-large-coco,FALSE,821,FALSE
369,13238,nitrosocke@redshift-diffusion-768\discussion_3.yaml,https://huggingface.co/nitrosocke/redshift-diffusion-768/discussions/3,nitrosocke/redshift-diffusion-768,FALSE,443,FALSE
370,1432,baichuan-inc@Baichuan-13B-Chat\discussion_7.yaml,https://huggingface.co/baichuan-inc/Baichuan-13B-Chat/discussions/7,baichuan-inc/Baichuan-13B-Chat,FALSE,65,TRUE
371,15594,RJuro@SciNERTopic\discussion_2.yaml,https://huggingface.co/RJuro/SciNERTopic/discussions/2,RJuro/SciNERTopic,FALSE,222,FALSE
372,18782,TheBloke@leo-hessianai-7B-AWQ\discussion_1.yaml,https://huggingface.co/TheBloke/leo-hessianai-7B-AWQ/discussions/1,TheBloke/leo-hessianai-7B-AWQ,FALSE,211,FALSE
373,11755,minhtoan@gpt3-small-finetune-cnndaily-news\discussion_3.yaml,https://huggingface.co/minhtoan/gpt3-small-finetune-cnndaily-news/discussions/3,minhtoan/gpt3-small-finetune-cnndaily-news,FALSE,195,FALSE
374,11532,microsoft@phi-2\discussion_52.yaml,https://huggingface.co/microsoft/phi-2/discussions/52,microsoft/phi-2,FALSE,504,FALSE
375,13919,openai@shap-e\discussion_12.yaml,https://huggingface.co/openai/shap-e/discussions/12,openai/shap-e,FALSE,204,FALSE
376,13700,OFA-Sys@expertllama-7b-delta\discussion_1.yaml,https://huggingface.co/OFA-Sys/expertllama-7b-delta/discussions/1,OFA-Sys/expertllama-7b-delta,FALSE,89,FALSE
377,10905,madebyollin@sdxl-vae-fp16-fix\discussion_9.yaml,https://huggingface.co/madebyollin/sdxl-vae-fp16-fix/discussions/9,madebyollin/sdxl-vae-fp16-fix,FALSE,395,FALSE
378,253,Abirate@gpt_3_finetuned_multi_x_science\discussion_1.yaml,https://huggingface.co/Abirate/gpt_3_finetuned_multi_x_science/discussions/1,Abirate/gpt_3_finetuned_multi_x_science,FALSE,137,FALSE
